001	Grandma	160	What a beautiful night. Hello, One Thousand. Hello, Ten Thousand!
002	Daniel	175	Hello, One Hundred Thousand!
003	Flo	182	Look at all those stars! There must be one hundred thousand.
004	Grandma	155	Many more. Big numbers are perfect for big thoughts.
005	Flo	180	If I join you, we make one hundred and one thousand!
006	Daniel	172	And I can add ten thousand at a time.
007	Flo	178	One hundred and ten thousand... one hundred and twenty thousand... amazing!
008	Grandma	154	Hundred thousands can grow too: one hundred thousand, two hundred thousand, three hundred thousand.
009	Flo	176	Then what comes after nine hundred and ninety-nine thousand, nine hundred and ninety-nine?
010	Grandma	154	Start with One. Ten Ones make Ten.
011	Flo	180	Ten Tens make One Hundred!
012	Grandma	154	Ten Hundreds make One Thousand.
013	Flo	174	A thousand Thousands make...
014	Samantha	158	One Million!
015	Flo	180	You look like a giant me!
016	Samantha	158	That is because I am one million Ones.
017	Flo	166	Good night, One Million... if my big thoughts let me sleep.
018	Flo	178	One dream. Ten Ones, ten Tens, ten Hundreds... bigger and bigger!
019	Eddy	165	Ten Million!
020	Reed	158	One Hundred Million!
021	Grandpa	135	One Billion. Hello, little One Thousand.
022	Flo	170	Numbers can always grow. They go on forever and ever!
023	Flo	158	Good night, Numberland.
